imagen_id,folder_real,prediccion_llm,descripcion_sintomas_censurada,vecino_1,vecino_2,vecino_3,metadata_vecino_1,metadata_vecino_2,metadata_vecino_3,justificacion_final_llm
mn_14.jpg,manganese,healthy,"The leaf displays a gradient of green shades, with smooth texture, prominent veins, and a slight shine, transitioning to a lighter yellow-green at the edges.","Seven distinct leaves, aligned in an organic spectrum of green shades."""",,","Seven distinct leaves, aligned in an organic spectrum of green shades."""",,","Seven distinct leaves, aligned in an organic spectrum of green shades."""",,",7,7,7,"All descriptions indicate distinct, healthy leaves without any signs of damage or stress."
mn_12.jpg,manganese,healthy,"The leaf is bright green with smooth, glossy texture, featuring prominent veins and a slight curve at the tip.","A perfectly healthy leaf, vibrant and green with no signs of disease or damage."""",,","A perfectly healthy leaf, vibrant and green with no signs of disease or damage."""",,","A perfectly healthy leaf, vibrant and green with no signs of disease or damage."""",,",healthy,healthy,healthy,All descriptions confirm the leaf is perfectly healthy and free from any damage.
mn_9.jpg,manganese,healthy,"The leaf is bright green with smooth texture, featuring brown dry edges and irregular dark spots scattered across its surface.","A perfectly healthy leaf, vibrant and green with no signs of disease or damage."""",,","A perfectly healthy leaf, vibrant and green with no signs of disease or damage."""",,","A perfectly healthy leaf, vibrant and green with no signs of disease or damage."""",,",healthy,healthy,healthy,All descriptions confirm the leaf is perfectly healthy and free from any damage.
mn_3.jpg,manganese,healthy,"The leaf is bright green with smooth, elongated shapes, featuring prominent veins and subtle variations in color, creating a textured appearance.","A perfectly healthy leaf, vibrant and green with no signs of disease or damage."""",,","A perfectly healthy leaf, vibrant and green with no signs of disease or damage."""",,","A perfectly healthy leaf, vibrant and green with no signs of disease or damage."""",,",healthy,healthy,healthy,All descriptions confirm the leaf is perfectly healthy and free from any damage.
mn_23.jpg,manganese,healthy,"The leaf is bright green with smooth, elongated shapes and prominent parallel veins. Edges are slightly wavy, with a few small brown spots.","A perfectly healthy leaf, vibrant and green with no signs of disease or damage."""",,","A perfectly healthy leaf, vibrant and green with no signs of disease or damage."""",,","A perfectly healthy leaf, vibrant and green with no signs of disease or damage."""",,",healthy,healthy,healthy,All descriptions confirm the leaf is perfectly healthy and free from any damage.
mn_20.jpg,manganese,healthy,"The leaf is a vibrant green with smooth, glossy texture, featuring subtle light reflections and a slight curve along the edges.","Seven distinct leaves, aligned in an organic spectrum of green shades."""",,","Seven distinct leaves, aligned in an organic spectrum of green shades."""",,","Seven distinct leaves, aligned in an organic spectrum of green shades."""",,",7,7,7,"All descriptions indicate vibrant, distinct leaves without any signs of damage or stress."
mn_21.jpg,manganese,healthy,"The leaf is bright green with smooth texture, featuring a prominent central vein and slight undulations along the edges.","A perfectly healthy leaf, vibrant and green with no signs of disease or damage."""",,","A perfectly healthy leaf, vibrant and green with no signs of disease or damage."""",,","A perfectly healthy leaf, vibrant and green with no signs of disease or damage."""",,",healthy,healthy,healthy,All descriptions unanimously indicate the leaf is perfectly healthy and free from any damage.
mn_18.jpg,manganese,healthy,"The leaf is bright yellow with smooth, slightly glossy texture, featuring prominent veins and a gently curved shape.","One single leaf depicted in vivid detail, emphasizing its singular beauty."""",,","One single leaf depicted in vivid detail, emphasizing its singular beauty."""",,","One single leaf depicted in vivid detail, emphasizing its singular beauty."""",,",1,1,1,All descriptions emphasize singular beauty without any mention of abnormalities or deficiencies.
mn_1.jpg,manganese,healthy,"The leaf displays a gradient of bright green to yellow, with smooth, glossy textures and prominent, parallel veins running along its length.","A perfectly healthy leaf, vibrant and green with no signs of disease or damage."""",,","A perfectly healthy leaf, vibrant and green with no signs of disease or damage."""",,","A perfectly healthy leaf, vibrant and green with no signs of disease or damage."""",,",healthy,healthy,healthy,All descriptions confirm the leaf is perfectly healthy and free from any damage.
mn_2.jpg,manganese,healthy,"The leaf is bright green with smooth, elongated shapes and prominent parallel veins. There are subtle dark spots and a slight sheen on the surface.","A perfectly healthy leaf, vibrant and green with no signs of disease or damage."""",,","A perfectly healthy leaf, vibrant and green with no signs of disease or damage."""",,","A perfectly healthy leaf, vibrant and green with no signs of disease or damage."""",,",healthy,healthy,healthy,All descriptions confirm the leaf is perfectly healthy and free from any damage.
k_105.jpg,potassium,healthy,"The leaf is predominantly green with a smooth texture, featuring a central vein and dark brown edges. Some areas show lighter green tones.","A perfectly healthy leaf, vibrant and green with no signs of disease or damage."""",,","A perfectly healthy leaf, vibrant and green with no signs of disease or damage."""",,","A perfectly healthy leaf, vibrant and green with no signs of disease or damage."""",,",healthy,healthy,healthy,All descriptions unanimously indicate the leaf is perfectly healthy and free from any damage.
k_292.jpg,potassium,healthy,"The leaf displays bright green with yellowish edges, smooth texture, and a brown, dry area at the tip.","A perfectly healthy leaf, vibrant and green with no signs of disease or damage."""",,","A perfectly healthy leaf, vibrant and green with no signs of disease or damage."""",,","A perfectly healthy leaf, vibrant and green with no signs of disease or damage."""",,",healthy,healthy,healthy,All descriptions confirm the leaf is perfectly healthy and free from any abnormalities.
k_56.jpg,potassium,manganese,"The leaf is predominantly green with yellowish-brown edges and scattered dark brown spots, featuring prominent parallel veins and a smooth texture.","Leaf exhibiting classic symptoms of Rust, with pustules that are orange or brown in color."""",,","Leaf exhibiting classic symptoms of Rust, with pustules that are orange or brown in color."""",,","Leaf exhibiting classic symptoms of Rust, with pustules that are orange or brown in color."""",,",rust,rust,rust,"Symptoms of rust indicate potential nutrient deficiency, likely manganese."
k_344.jpg,potassium,healthy,"The leaf is primarily green with varying shades, featuring smooth, parallel veins and small dark spots scattered across the surface.","A perfectly healthy leaf, vibrant and green with no signs of disease or damage."""",,","A perfectly healthy leaf, vibrant and green with no signs of disease or damage."""",,","A perfectly healthy leaf, vibrant and green with no signs of disease or damage."""",,",healthy,healthy,healthy,All descriptions confirm the leaf is perfectly healthy and free from any damage.
k_16.jpg,potassium,potassium,"The leaf is predominantly green with yellowish spots and brown, dry edges. It has a smooth texture and prominent vein patterns.","Leaf exhibiting classic symptoms of Rust, with pustules that are orange or brown in color."""",,","Leaf exhibiting classic symptoms of Rust, with pustules that are orange or brown in color."""",,","Leaf exhibiting classic symptoms of Rust, with pustules that are orange or brown in color."""",,",rust,rust,rust,Symptoms of rust indicate potential potassium deficiency due to browning and necrosis.
k_279.jpg,potassium,manganese,"The leaf displays deep green colors with yellowish-brown edges, prominent ribbing, and irregular brown spots along the margins.","Leaf showing classic Rust symptoms, with orange-red pustules scattered across the surface."""",,","Leaf showing classic Rust symptoms, with orange-red pustules scattered across the surface."""",,","Leaf showing classic Rust symptoms, with orange-red pustules scattered across the surface."""",,",rust,rust,rust,"Rust symptoms indicate nutrient deficiency, likely linked to manganese."
k_357.jpg,potassium,healthy,"The leaf is predominantly green with a smooth texture, featuring brown patches and irregular dark spots along the edges.","A perfectly healthy leaf, vibrant and green with no signs of disease or damage."""",,","A perfectly healthy leaf, vibrant and green with no signs of disease or damage."""",,","A perfectly healthy leaf, vibrant and green with no signs of disease or damage."""",,",healthy,healthy,healthy,All descriptions confirm the leaf is perfectly healthy and free from any damage.
k_221.jpg,potassium,healthy,"The leaf displays deep green hues with lighter green veins, smooth texture, and irregular brown patches along the edges.","Seven distinct leaves, aligned in an organic spectrum of green shades."""",,","Seven distinct leaves, aligned in an organic spectrum of green shades."""",,","Seven distinct leaves, aligned in an organic spectrum of green shades."""",,",7,7,7,"All descriptions indicate vibrant, distinct leaves without any signs of damage or stress."
k_286.jpg,potassium,healthy,"The leaf displays vibrant green areas, with large brown patches and yellow spots along the edges, creating a textured and uneven surface.","A multitude of leaves, showcasing a thriving example of biodiversity and plant health."""",,","A multitude of leaves, showcasing a thriving example of biodiversity and plant health."""",,","A multitude of leaves, showcasing a thriving example of biodiversity and plant health."""",,",9+,9+,9+,All context indicates thriving biodiversity and plant health without any abnormalities mentioned.
k_41.jpg,potassium,healthy,"The leaf is predominantly green with yellow spots and brown edges, featuring a smooth texture and prominent veins running parallel.","A perfectly healthy leaf, vibrant and green with no signs of disease or damage."""",,","A perfectly healthy leaf, vibrant and green with no signs of disease or damage."""",,","A perfectly healthy leaf, vibrant and green with no signs of disease or damage."""",,",healthy,healthy,healthy,All descriptions confirm the leaf is perfectly healthy and free from any damage.
ca_262.jpg,calcium,healthy,"The leaf is a vibrant green with smooth, wavy edges and a prominent central vein. It has a glossy texture and subtle variations in shade.","A perfectly healthy leaf, vibrant and green with no signs of disease or damage."""",,","A perfectly healthy leaf, vibrant and green with no signs of disease or damage."""",,","A perfectly healthy leaf, vibrant and green with no signs of disease or damage."""",,",healthy,healthy,healthy,All descriptions confirm the leaf is perfectly healthy and free from any damage.
ca_118.jpg,calcium,manganese,"A large green leaf with smooth texture, prominent veins, and a slight curve, featuring a uniform bright green color with subtle variations in shade.",A plant leaf exhibiting the darkening veins associated with phosphorus deficiency.,A plant leaf exhibiting the darkening veins associated with phosphorus deficiency.,A plant leaf exhibiting the darkening veins associated with phosphorus deficiency.,phosphorus,phosphorus,phosphorus,Darkening veins indicate a manganese deficiency in the plant leaf.
ca_15.jpg,calcium,healthy,"The leaf is bright green with smooth, elongated shapes, featuring parallel veins and a slightly glossy texture. No visible spots or irregularities are present.","A perfectly healthy leaf, vibrant and green with no signs of disease or damage."""",,","A perfectly healthy leaf, vibrant and green with no signs of disease or damage."""",,","A perfectly healthy leaf, vibrant and green with no signs of disease or damage."""",,",healthy,healthy,healthy,All descriptions confirm the leaf is perfectly healthy and free from any damage.
ca_74.jpg,calcium,healthy,"The leaf is bright green with a smooth texture, featuring a prominent central vein and slightly wavy edges.","A perfectly healthy leaf, vibrant and green with no signs of disease or damage."""",,","A perfectly healthy leaf, vibrant and green with no signs of disease or damage."""",,","A perfectly healthy leaf, vibrant and green with no signs of disease or damage."""",,",healthy,healthy,healthy,All descriptions confirm the leaf is perfectly healthy and free from any damage.
ca_114.jpg,calcium,manganese,"The leaf is green with smooth texture, featuring a prominent central vein, slight folds, and small brown spots near the edges.","Leaf with typical signs of Scab, featuring raised, crusty lesions."""",,","Leaf with typical signs of Scab, featuring raised, crusty lesions."""",,","Leaf with typical signs of Scab, featuring raised, crusty lesions."""",,",scab,scab,scab,"Symptoms of scab indicate nutrient deficiency, likely related to manganese."
ca_193.jpg,calcium,healthy,"The leaf is a vibrant green with smooth, glossy surfaces and prominent parallel veins. There are small, dark spots scattered across the leaf.","A perfectly healthy leaf, vibrant and green with no signs of disease or damage."""",,","A perfectly healthy leaf, vibrant and green with no signs of disease or damage."""",,","A perfectly healthy leaf, vibrant and green with no signs of disease or damage."""",,",healthy,healthy,healthy,All descriptions confirm the leaf is perfectly healthy and free from any damage.
ca_631.jpg,calcium,healthy,"The leaf is bright green with smooth, wavy edges and prominent parallel veins. It has a glossy texture and a slight curve.","A perfectly healthy leaf, vibrant and green with no signs of disease or damage."""",,","A perfectly healthy leaf, vibrant and green with no signs of disease or damage."""",,","A perfectly healthy leaf, vibrant and green with no signs of disease or damage."""",,",healthy,healthy,healthy,All descriptions confirm the leaf is perfectly healthy and free from any damage.
ca_329.jpg,calcium,healthy,"The leaf displays a gradient of vibrant green shades, smooth texture, and a few small white spots, with a shadow creating a wavy pattern.","A perfectly healthy leaf, vibrant and green with no signs of disease or damage."""",,","A perfectly healthy leaf, vibrant and green with no signs of disease or damage."""",,","A perfectly healthy leaf, vibrant and green with no signs of disease or damage."""",,",healthy,healthy,healthy,All descriptions confirm the leaf is perfectly healthy and free from any damage.
ca_476.jpg,calcium,potassium,"The leaf is bright green with smooth, glossy texture. It has brown, dry edges and irregular, light yellowish spots along the surface.","Leaf exhibiting classic symptoms of Rust, with pustules that are orange or brown in color."""",,","Leaf exhibiting classic symptoms of Rust, with pustules that are orange or brown in color."""",,","Leaf exhibiting classic symptoms of Rust, with pustules that are orange or brown in color."""",,",rust,rust,rust,Symptoms of rust indicate potential potassium deficiency due to browning and necrosis.
ca_653.jpg,calcium,healthy,"The leaf is bright green with smooth, glossy surfaces, featuring prominent parallel veins and a slight curl at the edges.","A perfectly healthy leaf, vibrant and green with no signs of disease or damage."""",,","A perfectly healthy leaf, vibrant and green with no signs of disease or damage."""",,","A perfectly healthy leaf, vibrant and green with no signs of disease or damage."""",,",healthy,healthy,healthy,All descriptions confirm the leaf is perfectly healthy and free from any damage.
zn_532.jpg,zinc,healthy,"The leaf is bright green with smooth texture, featuring a prominent central vein and slightly wavy edges. No visible spots or patterns are present.","A perfectly healthy leaf, vibrant and green with no signs of disease or damage."""",,","A perfectly healthy leaf, vibrant and green with no signs of disease or damage."""",,","A perfectly healthy leaf, vibrant and green with no signs of disease or damage."""",,",healthy,healthy,healthy,All descriptions confirm the leaf is perfectly healthy and free from any damage.
zn_615.jpg,zinc,healthy,"The leaf is predominantly bright yellow with smooth, glossy surfaces and faint, wavy lines running along its length.","One single leaf depicted in vivid detail, emphasizing its singular beauty."""",,","One single leaf depicted in vivid detail, emphasizing its singular beauty."""",,","One single leaf depicted in vivid detail, emphasizing its singular beauty."""",,",1,1,1,All descriptions emphasize singular beauty without any mention of abnormalities or deficiencies.
zn_649.jpg,zinc,healthy,"The leaf is bright green with smooth, glossy texture, featuring prominent parallel veins and a slightly wavy edge.","A perfectly healthy leaf, vibrant and green with no signs of disease or damage."""",,","A perfectly healthy leaf, vibrant and green with no signs of disease or damage."""",,","A perfectly healthy leaf, vibrant and green with no signs of disease or damage."""",,",healthy,healthy,healthy,All descriptions confirm the leaf is perfectly healthy and free from any damage.
zn_325.jpg,zinc,healthy,"The leaf is bright green with smooth, elongated shapes, featuring parallel veins and a slight yellowish edge along one side.","A perfectly healthy leaf, vibrant and green with no signs of disease or damage."""",,","A perfectly healthy leaf, vibrant and green with no signs of disease or damage."""",,","A perfectly healthy leaf, vibrant and green with no signs of disease or damage."""",,",healthy,healthy,healthy,All descriptions confirm the leaf is perfectly healthy and free from any damage.
zn_85.jpg,zinc,healthy,"The leaf is bright green with smooth texture, featuring prominent veins and a slightly wavy edge. No spots or discolorations are visible.","A perfectly healthy leaf, vibrant and green with no signs of disease or damage."""",,","A perfectly healthy leaf, vibrant and green with no signs of disease or damage."""",,","A perfectly healthy leaf, vibrant and green with no signs of disease or damage."""",,",healthy,healthy,healthy,All descriptions confirm the leaf is perfectly healthy and free from any damage.
zn_454.jpg,zinc,healthy,"The leaf is bright green with smooth, glossy texture, featuring prominent veins and a slight curve at the edges.","A perfectly healthy leaf, vibrant and green with no signs of disease or damage."""",,","A perfectly healthy leaf, vibrant and green with no signs of disease or damage."""",,","A perfectly healthy leaf, vibrant and green with no signs of disease or damage."""",,",healthy,healthy,healthy,All descriptions confirm the leaf is perfectly healthy and free from any damage.
zn_326.jpg,zinc,healthy,"The leaf is predominantly bright green with smooth, elongated shapes, featuring faint parallel lines and small dark brown spots near the edges.","A perfectly healthy leaf, vibrant and green with no signs of disease or damage."""",,","A perfectly healthy leaf, vibrant and green with no signs of disease or damage."""",,","A perfectly healthy leaf, vibrant and green with no signs of disease or damage."""",,",healthy,healthy,healthy,All descriptions confirm the leaf is perfectly healthy and free from any damage.
zn_490.jpg,zinc,healthy,"The leaf is predominantly green with smooth texture, featuring lighter green stripes and a prominent central vein. Edges are slightly wavy.","A perfectly healthy leaf, vibrant and green with no signs of disease or damage."""",,","A perfectly healthy leaf, vibrant and green with no signs of disease or damage."""",,","A perfectly healthy leaf, vibrant and green with no signs of disease or damage."""",,",healthy,healthy,healthy,All descriptions confirm the leaf is perfectly healthy and free from any damage.
zn_673.jpg,zinc,healthy,"The leaf is a vibrant green with smooth, glossy texture, featuring prominent veins and a slightly wavy edge.","A perfectly healthy leaf, vibrant and green with no signs of disease or damage."""",,","A perfectly healthy leaf, vibrant and green with no signs of disease or damage."""",,","A perfectly healthy leaf, vibrant and green with no signs of disease or damage."""",,",healthy,healthy,healthy,All descriptions confirm the leaf is perfectly healthy and free from any abnormalities.
zn_354.jpg,zinc,manganese,"The leaf is bright green with smooth texture, prominent veins, and a slightly glossy surface. There are small water droplets scattered across it.",A plant leaf exhibiting the darkening veins associated with phosphorus deficiency.,A plant leaf exhibiting the darkening veins associated with phosphorus deficiency.,A plant leaf exhibiting the darkening veins associated with phosphorus deficiency.,phosphorus,phosphorus,phosphorus,Darkening veins indicate a manganese deficiency in the plant leaf.
h_524.jpg,healthy,healthy,"The leaf is bright green with darker green streaks and patches, featuring a smooth texture and a prominent central vein.","A perfectly healthy leaf, vibrant and green with no signs of disease or damage."""",,","A perfectly healthy leaf, vibrant and green with no signs of disease or damage."""",,","A perfectly healthy leaf, vibrant and green with no signs of disease or damage."""",,",healthy,healthy,healthy,All descriptions confirm the leaf is perfectly healthy and free from any damage.
h_1119.jpg,healthy,healthy,"The leaf is a vibrant green with smooth, elongated shapes, featuring parallel ridges and a slight sheen.","Seven distinct leaves, aligned in an organic spectrum of green shades."""",,","Seven distinct leaves, aligned in an organic spectrum of green shades."""",,","Seven distinct leaves, aligned in an organic spectrum of green shades."""",,",7,7,7,"All descriptions indicate vibrant, distinct leaves without any signs of damage or stress."
h_5.jpg,healthy,healthy,"The leaf is a deep green with smooth, elongated shapes, featuring prominent parallel veins and a slightly glossy texture.","A perfectly healthy leaf, vibrant and green with no signs of disease or damage."""",,","A perfectly healthy leaf, vibrant and green with no signs of disease or damage."""",,","A perfectly healthy leaf, vibrant and green with no signs of disease or damage."""",,",healthy,healthy,healthy,All descriptions unanimously indicate the leaf is perfectly healthy and free from any damage.
h_89.jpg,healthy,healthy,"The leaf is primarily green with a smooth texture, featuring a jagged edge and a lighter green area near the center.","A perfectly healthy leaf, vibrant and green with no signs of disease or damage."""",,","A perfectly healthy leaf, vibrant and green with no signs of disease or damage."""",,","A perfectly healthy leaf, vibrant and green with no signs of disease or damage."""",,",healthy,healthy,healthy,All descriptions confirm the leaf is perfectly healthy and free from any damage.
h_263.jpg,healthy,healthy,"The leaf is bright green with smooth texture, featuring prominent parallel veins and a slight sheen, tapering to a rounded tip.","A perfectly healthy leaf, vibrant and green with no signs of disease or damage."""",,","A perfectly healthy leaf, vibrant and green with no signs of disease or damage."""",,","A perfectly healthy leaf, vibrant and green with no signs of disease or damage."""",,",healthy,healthy,healthy,All descriptions confirm the leaf is perfectly healthy and free from any damage.
h_701.jpg,healthy,healthy,"The leaf is bright green with smooth texture, featuring prominent parallel veins and a slight sheen. No spots or discolorations are visible.","A perfectly healthy leaf, vibrant and green with no signs of disease or damage."""",,","A perfectly healthy leaf, vibrant and green with no signs of disease or damage."""",,","A perfectly healthy leaf, vibrant and green with no signs of disease or damage."""",,",healthy,healthy,healthy,All descriptions confirm the leaf is perfectly healthy and free from any damage.
h_1442.jpg,healthy,healthy,"The leaf is a vibrant green with smooth, elongated shapes and prominent parallel veins running lengthwise. The surface is glossy and slightly ribbed.","A perfectly healthy leaf, vibrant and green with no signs of disease or damage."""",,","A perfectly healthy leaf, vibrant and green with no signs of disease or damage."""",,","A perfectly healthy leaf, vibrant and green with no signs of disease or damage."""",,",healthy,healthy,healthy,All descriptions confirm the leaf is perfectly healthy and free from any damage.
h_868.jpg,healthy,healthy,"The leaf is a vibrant green with smooth, elongated shapes and prominent parallel lines, displaying a slight curve and a glossy texture.","Seven distinct leaves, aligned in an organic spectrum of green shades."""",,","Seven distinct leaves, aligned in an organic spectrum of green shades."""",,","Seven distinct leaves, aligned in an organic spectrum of green shades."""",,",7,7,7,"All descriptions indicate vibrant, distinct leaves without any signs of damage or stress."
h_1362.jpg,healthy,healthy,"The leaf is bright green with smooth, wavy edges and prominent parallel veins. It has a glossy texture and a central rib running down the middle.","A perfectly healthy leaf, vibrant and green with no signs of disease or damage."""",,","A perfectly healthy leaf, vibrant and green with no signs of disease or damage."""",,","A perfectly healthy leaf, vibrant and green with no signs of disease or damage."""",,",healthy,healthy,healthy,All descriptions confirm the leaf is perfectly healthy and free from any damage.
h_714.jpg,healthy,manganese,"The leaf is bright green with a smooth texture, featuring prominent parallel veins and a central yellow stripe. Small dark specks are scattered across the surface.",Leaf showing a complex array of symptoms due to multiple concurrent plant diseases.,Leaf showing a complex array of symptoms due to multiple concurrent plant diseases.,Leaf showing a complex array of symptoms due to multiple concurrent plant diseases.,complex,complex,complex,"Symptoms indicate multiple diseases, suggesting nutrient deficiencies, likely manganese."
s_1049.jpg,sulphur,healthy,"The leaf is bright green with smooth, glossy texture, featuring prominent parallel veins and a slight curve along the edges.","A perfectly healthy leaf, vibrant and green with no signs of disease or damage."""",,","A perfectly healthy leaf, vibrant and green with no signs of disease or damage."""",,","A perfectly healthy leaf, vibrant and green with no signs of disease or damage."""",,",healthy,healthy,healthy,All descriptions confirm the leaf is perfectly healthy and free from any damage.
s_45.jpg,sulphur,healthy,"The leaf is bright green with smooth texture, featuring a central vein and subtle variations in shade, with no visible spots or edges.","A perfectly healthy leaf, vibrant and green with no signs of disease or damage."""",,","A perfectly healthy leaf, vibrant and green with no signs of disease or damage."""",,","A perfectly healthy leaf, vibrant and green with no signs of disease or damage."""",,",healthy,healthy,healthy,All descriptions confirm the leaf is perfectly healthy and free from any damage.
s_427.jpg,sulphur,healthy,"The leaf is bright green with smooth, glossy surfaces, featuring prominent veins and a slightly wavy edge. No spots or discolorations are visible.","A perfectly healthy leaf, vibrant and green with no signs of disease or damage."""",,","A perfectly healthy leaf, vibrant and green with no signs of disease or damage."""",,","A perfectly healthy leaf, vibrant and green with no signs of disease or damage."""",,",healthy,healthy,healthy,All descriptions confirm the leaf is perfectly healthy and free from any damage.
s_599.jpg,sulphur,healthy,"The leaf is bright green with smooth, elongated shapes and prominent parallel veins, displaying a glossy texture and slight ripples along the edges.","A perfectly healthy leaf, vibrant and green with no signs of disease or damage."""",,","A perfectly healthy leaf, vibrant and green with no signs of disease or damage."""",,","A perfectly healthy leaf, vibrant and green with no signs of disease or damage."""",,",healthy,healthy,healthy,All descriptions confirm the leaf is perfectly healthy and free from any damage.
s_390.jpg,sulphur,healthy,"The leaf is bright green with smooth texture, featuring prominent veins and slight variations in color, including lighter green areas and small dark spots.","A perfectly healthy leaf, vibrant and green with no signs of disease or damage."""",,","A perfectly healthy leaf, vibrant and green with no signs of disease or damage."""",,","A perfectly healthy leaf, vibrant and green with no signs of disease or damage."""",,",healthy,healthy,healthy,All descriptions confirm the leaf is perfectly healthy and free from any damage.
s_1187.jpg,sulphur,healthy,"The leaf displays vibrant green hues with a smooth texture, featuring prominent parallel veins and a subtle yellowish stripe along one edge.","A perfectly healthy leaf, vibrant and green with no signs of disease or damage."""",,","A perfectly healthy leaf, vibrant and green with no signs of disease or damage."""",,","A perfectly healthy leaf, vibrant and green with no signs of disease or damage."""",,",healthy,healthy,healthy,All descriptions confirm the leaf is perfectly healthy and free from any damage.
s_360.jpg,sulphur,healthy,"The leaf is a vibrant green with smooth, slightly glossy texture, featuring parallel veins and subtle ridges along its length.","A perfectly healthy leaf, vibrant and green with no signs of disease or damage."""",,","A perfectly healthy leaf, vibrant and green with no signs of disease or damage."""",,","A perfectly healthy leaf, vibrant and green with no signs of disease or damage."""",,",healthy,healthy,healthy,All descriptions confirm the leaf is perfectly healthy and free from any damage.
s_474.jpg,sulphur,healthy,"The leaf is bright green with smooth, elongated shapes and prominent, parallel veins running from the base to the tip.","A perfectly healthy leaf, vibrant and green with no signs of disease or damage."""",,","A perfectly healthy leaf, vibrant and green with no signs of disease or damage."""",,","A perfectly healthy leaf, vibrant and green with no signs of disease or damage."""",,",healthy,healthy,healthy,All descriptions confirm the leaf is perfectly healthy and free from any damage.
s_1087.jpg,sulphur,manganese,"The leaf is primarily bright green with some yellowish areas, featuring a smooth texture and faint parallel lines. There are small brown spots near the edges.","Leaf exhibiting classic symptoms of Rust, with pustules that are orange or brown in color."""",,","Leaf exhibiting classic symptoms of Rust, with pustules that are orange or brown in color."""",,","Leaf exhibiting classic symptoms of Rust, with pustules that are orange or brown in color."""",,",rust,rust,rust,"Symptoms of rust indicate potential nutrient deficiency, likely manganese."
s_469.jpg,sulphur,healthy,"The leaf is bright green with smooth texture, featuring a central vein and subtle variations in shade, creating a vibrant, fresh appearance.","Seven distinct leaves, aligned in an organic spectrum of green shades."""",,","Seven distinct leaves, aligned in an organic spectrum of green shades."""",,","Seven distinct leaves, aligned in an organic spectrum of green shades."""",,",7,7,7,"All descriptions indicate vibrant, distinct leaves without any signs of damage or stress."
fe_53.jpg,iron,healthy,"The leaf is predominantly green with smooth texture, featuring a few brown dry edges and dark brown spots near the base.","A perfectly healthy leaf, vibrant and green with no signs of disease or damage."""",,","A perfectly healthy leaf, vibrant and green with no signs of disease or damage."""",,","A perfectly healthy leaf, vibrant and green with no signs of disease or damage."""",,",healthy,healthy,healthy,All descriptions unanimously indicate the leaf is perfectly healthy and free from any damage.
fe_74.jpg,iron,healthy,"The leaf is bright green with smooth, glossy surfaces and prominent, parallel veins. It has a slightly wavy edge and a vibrant, translucent quality.","A perfectly healthy leaf, vibrant and green with no signs of disease or damage."""",,","A perfectly healthy leaf, vibrant and green with no signs of disease or damage."""",,","A perfectly healthy leaf, vibrant and green with no signs of disease or damage."""",,",healthy,healthy,healthy,All descriptions confirm the leaf is perfectly healthy and free from any damage.
fe_138.jpg,iron,manganese,"The leaf displays bright green areas with smooth texture, alongside yellow spots and a brown, dry section along the edge.","Leaf showing classic Rust symptoms, with orange-red pustules scattered across the surface."""",,","Leaf showing classic Rust symptoms, with orange-red pustules scattered across the surface."""",,","Leaf showing classic Rust symptoms, with orange-red pustules scattered across the surface."""",,",rust,rust,rust,"Leaf shows rust symptoms indicating potential nutrient deficiency, likely manganese."
fe_47.jpg,iron,manganese,"The leaf is predominantly bright yellow with smooth texture, featuring small dark brown spots and a central green vein. Edges appear slightly curled.","Leaf exhibiting classic symptoms of Rust, with pustules that are orange or brown in color."""",,","Leaf exhibiting classic symptoms of Rust, with pustules that are orange or brown in color."""",,","Leaf exhibiting classic symptoms of Rust, with pustules that are orange or brown in color."""",,",rust,rust,rust,"Symptoms of rust indicate potential nutrient deficiency, likely manganese."
fe_141.jpg,iron,healthy,"The leaf is bright green with smooth texture, featuring prominent veins and a slight sheen. No spots or discolorations are visible.","A perfectly healthy leaf, vibrant and green with no signs of disease or damage."""",,","A perfectly healthy leaf, vibrant and green with no signs of disease or damage."""",,","A perfectly healthy leaf, vibrant and green with no signs of disease or damage."""",,",healthy,healthy,healthy,All descriptions confirm the leaf is perfectly healthy and free from any damage.
fe_40.jpg,iron,healthy,"The leaf is bright yellow with smooth, glossy surfaces, featuring prominent parallel veins and a slightly wavy edge.","One single leaf depicted in vivid detail, emphasizing its singular beauty."""",,","One single leaf depicted in vivid detail, emphasizing its singular beauty."""",,","One single leaf depicted in vivid detail, emphasizing its singular beauty."""",,",1,1,1,All descriptions emphasize singular beauty without mentioning any abnormalities or deficiencies.
fe_58.jpg,iron,healthy,"The leaf is bright green with smooth texture, featuring a prominent central vein and subtle lighter green stripes running parallel to the edges.","A perfectly healthy leaf, vibrant and green with no signs of disease or damage."""",,","A perfectly healthy leaf, vibrant and green with no signs of disease or damage."""",,","A perfectly healthy leaf, vibrant and green with no signs of disease or damage."""",,",healthy,healthy,healthy,All descriptions unanimously indicate the leaf is perfectly healthy and free from any damage.
fe_6.jpg,iron,healthy,"The leaf is bright green with smooth texture, featuring a slight curve and a brownish area at the edge.","A perfectly healthy leaf, vibrant and green with no signs of disease or damage."""",,","A perfectly healthy leaf, vibrant and green with no signs of disease or damage."""",,","A perfectly healthy leaf, vibrant and green with no signs of disease or damage."""",,",healthy,healthy,healthy,All descriptions confirm the leaf is perfectly healthy and free from any damage.
fe_43.jpg,iron,healthy,"The leaf is primarily yellow with a gradient to light green at the edges, featuring smooth textures and a wavy shape.","One single leaf depicted in vivid detail, emphasizing its singular beauty."""",,","One single leaf depicted in vivid detail, emphasizing its singular beauty."""",,","One single leaf depicted in vivid detail, emphasizing its singular beauty."""",,",1,1,1,All descriptions emphasize singular beauty without any mention of abnormalities or deficiencies.
fe_46.jpg,iron,healthy,"The leaf is light green with smooth, glossy texture and prominent, parallel veins running along its length.","A perfectly healthy leaf, vibrant and green with no signs of disease or damage."""",,","A perfectly healthy leaf, vibrant and green with no signs of disease or damage."""",,","A perfectly healthy leaf, vibrant and green with no signs of disease or damage."""",,",healthy,healthy,healthy,All descriptions confirm the leaf is perfectly healthy and free from any damage.
b_71.jpg,boron,manganese,"The leaf is elongated and curved, displaying a gradient from light green at the tip to darker green at the base, with smooth edges.",Leaf showing a complex array of symptoms due to multiple concurrent plant diseases.,Leaf showing a complex array of symptoms due to multiple concurrent plant diseases.,Leaf showing a complex array of symptoms due to multiple concurrent plant diseases.,complex,complex,complex,"Symptoms indicate multiple diseases, suggesting nutrient deficiencies, likely manganese."
b_126.jpg,boron,healthy,"The leaf displays a gradient of green hues, with smooth textures and a wavy edge, featuring subtle light and dark variations along its length.","Seven distinct leaves, aligned in an organic spectrum of green shades."""",,","Seven distinct leaves, aligned in an organic spectrum of green shades."""",,","Seven distinct leaves, aligned in an organic spectrum of green shades."""",,",7,7,7,"All descriptions indicate vibrant, distinct leaves without any signs of damage or stress."
b_121.jpg,boron,healthy,"The leaf is predominantly green with a smooth texture, featuring a light green area and a curved, elongated shape.","Seven distinct leaves, aligned in an organic spectrum of green shades."""",,","Seven distinct leaves, aligned in an organic spectrum of green shades."""",,","Seven distinct leaves, aligned in an organic spectrum of green shades."""",,",7,7,7,"All descriptions indicate vibrant, distinct leaves without any signs of damage or stress."
b_162.jpg,boron,healthy,"The leaf displays vibrant green hues with smooth, glossy textures, gently curved shapes, and subtle variations in color intensity along its surface.","Seven distinct leaves, aligned in an organic spectrum of green shades."""",,","Seven distinct leaves, aligned in an organic spectrum of green shades."""",,","Seven distinct leaves, aligned in an organic spectrum of green shades."""",,",7,7,7,"All descriptions indicate vibrant, distinct leaves without any signs of damage or stress."
b_150.jpg,boron,healthy,"The leaf is predominantly green with smooth texture, featuring brown dry edges and some irregular tears along the margins.","A perfectly healthy leaf, vibrant and green with no signs of disease or damage."""",,","A perfectly healthy leaf, vibrant and green with no signs of disease or damage."""",,","A perfectly healthy leaf, vibrant and green with no signs of disease or damage."""",,",healthy,healthy,healthy,All descriptions unanimously indicate the leaf is perfectly healthy and free from any damage.
b_10.jpg,boron,healthy,"The leaf is bright yellow with smooth, glossy surfaces and a curved shape, featuring a spiral twist and a pointed tip.","A collection of six vibrant leaves, showcasing the diversity of natureâs palette."""",,","A collection of six vibrant leaves, showcasing the diversity of natureâs palette."""",,","A collection of six vibrant leaves, showcasing the diversity of natureâs palette."""",,",6,6,6,All context indicates vibrant leaves without any mention of abnormalities or deficiencies.
b_26.jpg,boron,manganese,"The leaf is bright green with smooth, elongated shapes, featuring several large holes and dark brown spots along the edges.","Leaf exhibiting classic symptoms of Rust, with pustules that are orange or brown in color."""",,","Leaf exhibiting classic symptoms of Rust, with pustules that are orange or brown in color."""",,","Leaf exhibiting classic symptoms of Rust, with pustules that are orange or brown in color."""",,",rust,rust,rust,"Symptoms of rust indicate potential nutrient deficiency, likely manganese."
b_73.jpg,boron,manganese,"The leaf displays a gradient of light green to pale yellow, with smooth textures and a wavy edge. There are irregular brown patches.",Leaf showing a complex array of symptoms due to multiple concurrent plant diseases.,Leaf showing a complex array of symptoms due to multiple concurrent plant diseases.,Leaf showing a complex array of symptoms due to multiple concurrent plant diseases.,complex,complex,complex,"Symptoms indicate multiple diseases affecting leaf health, suggesting manganese deficiency."
b_68.jpg,boron,manganese,"The leaf is predominantly green with smooth, elongated shapes, featuring yellowish-brown spots and slightly curled edges.","Leaf exhibiting classic symptoms of Rust, with pustules that are orange or brown in color."""",,","Leaf exhibiting classic symptoms of Rust, with pustules that are orange or brown in color."""",,","Leaf exhibiting classic symptoms of Rust, with pustules that are orange or brown in color."""",,",rust,rust,rust,"Symptoms of rust indicate potential nutrient deficiency, likely manganese."
b_64.jpg,boron,healthy,"The leaf is bright green with smooth, elongated shapes, featuring subtle curves and a slight sheen. No distinct patterns or spots are visible.","A perfectly healthy leaf, vibrant and green with no signs of disease or damage."""",,","A perfectly healthy leaf, vibrant and green with no signs of disease or damage."""",,","A perfectly healthy leaf, vibrant and green with no signs of disease or damage."""",,",healthy,healthy,healthy,All descriptions confirm the leaf is perfectly healthy and free from any damage.
mg_170.jpg,magnesium,healthy,"The leaf displays vibrant green colors with smooth textures, prominent parallel veins, and a slight curl at the edges.","Seven distinct leaves, aligned in an organic spectrum of green shades."""",,","Seven distinct leaves, aligned in an organic spectrum of green shades."""",,","Seven distinct leaves, aligned in an organic spectrum of green shades."""",,",7,7,7,"All descriptions indicate vibrant, distinct leaves without any signs of damage or stress."
mg_286.jpg,magnesium,healthy,"The leaf is bright green with smooth, elongated shapes, featuring prominent veins and slight ripples along the edges.","A perfectly healthy leaf, vibrant and green with no signs of disease or damage."""",,","A perfectly healthy leaf, vibrant and green with no signs of disease or damage."""",,","A perfectly healthy leaf, vibrant and green with no signs of disease or damage."""",,",healthy,healthy,healthy,All descriptions unanimously indicate the leaf is perfectly healthy and free from any damage.
mg_176.jpg,magnesium,healthy,"The leaf displays vibrant green hues with smooth, glossy textures, gently curved edges, and prominent, parallel veins running along its surface.","A perfectly healthy leaf, vibrant and green with no signs of disease or damage."""",,","A perfectly healthy leaf, vibrant and green with no signs of disease or damage."""",,","A perfectly healthy leaf, vibrant and green with no signs of disease or damage."""",,",healthy,healthy,healthy,All descriptions confirm the leaf is perfectly healthy and free from any damage.
mg_287.jpg,magnesium,healthy,"The leaf is bright green with smooth texture, featuring yellow spots and brown dry edges, along with a wavy shape and visible veins.","A perfectly healthy leaf, vibrant and green with no signs of disease or damage."""",,","A perfectly healthy leaf, vibrant and green with no signs of disease or damage."""",,","A perfectly healthy leaf, vibrant and green with no signs of disease or damage."""",,",healthy,healthy,healthy,All descriptions unanimously indicate the leaf is perfectly healthy and free from any damage.
mg_103.jpg,magnesium,healthy,"Bright green leaf with a smooth texture, featuring a wavy edge and small brown spots near the tip.","A perfectly healthy leaf, vibrant and green with no signs of disease or damage."""",,","A perfectly healthy leaf, vibrant and green with no signs of disease or damage."""",,","A perfectly healthy leaf, vibrant and green with no signs of disease or damage."""",,",healthy,healthy,healthy,All descriptions confirm the leaf is perfectly healthy and free from any damage.
mg_215.jpg,magnesium,healthy,"The leaf is bright green with smooth texture, featuring a slight curve and faint vertical lines. The edges are slightly wavy.","A perfectly healthy leaf, vibrant and green with no signs of disease or damage."""",,","A perfectly healthy leaf, vibrant and green with no signs of disease or damage."""",,","A perfectly healthy leaf, vibrant and green with no signs of disease or damage."""",,",healthy,healthy,healthy,All descriptions confirm the leaf is perfectly healthy and free from any damage.
mg_232.jpg,magnesium,healthy,"The leaf is primarily green with a smooth texture, featuring a prominent central vein and slightly wavy edges.","A perfectly healthy leaf, vibrant and green with no signs of disease or damage."""",,","A perfectly healthy leaf, vibrant and green with no signs of disease or damage."""",,","A perfectly healthy leaf, vibrant and green with no signs of disease or damage."""",,",healthy,healthy,healthy,All descriptions confirm the leaf is perfectly healthy and free from any damage.
mg_149.jpg,magnesium,manganese,"The leaf is predominantly green with a smooth texture, featuring dark brown spots and some yellowish areas along the edges and between the veins.","Leaf exhibiting classic symptoms of Rust, with pustules that are orange or brown in color."""",,","Leaf exhibiting classic symptoms of Rust, with pustules that are orange or brown in color."""",,","Leaf exhibiting classic symptoms of Rust, with pustules that are orange or brown in color."""",,",rust,rust,rust,"Symptoms of rust indicate potential nutrient deficiency, likely manganese."
mg_56.jpg,magnesium,healthy,"The leaf is bright green with smooth, glossy texture, featuring prominent veins and a slightly curled edge.","A perfectly healthy leaf, vibrant and green with no signs of disease or damage."""",,","A perfectly healthy leaf, vibrant and green with no signs of disease or damage."""",,","A perfectly healthy leaf, vibrant and green with no signs of disease or damage."""",,",healthy,healthy,healthy,All descriptions confirm the leaf is perfectly healthy and free from any damage.
mg_128.jpg,magnesium,manganese,The leaf is primarily bright green with dark brown streaks along the edges and faint yellow spots between the veins. The texture is smooth.,"Leaf exhibiting classic symptoms of Rust, with pustules that are orange or brown in color."""",,","Leaf exhibiting classic symptoms of Rust, with pustules that are orange or brown in color."""",,","Leaf exhibiting classic symptoms of Rust, with pustules that are orange or brown in color."""",,",rust,rust,rust,"Symptoms of rust indicate potential nutrient deficiency, likely manganese."
